wwwroot\css\app.css
wwwroot\css\general.css
wwwroot\css\index.css
wwwroot\fonts\Cormorant\Cormorant-Bold.ttf
wwwroot\fonts\Cormorant\Cormorant-BoldItalic.ttf
wwwroot\fonts\Cormorant\Cormorant-Italic.ttf
wwwroot\fonts\Cormorant\Cormorant-Light.ttf
wwwroot\fonts\Cormorant\Cormorant-LightItalic.ttf
wwwroot\fonts\Cormorant\Cormorant-Medium.ttf
wwwroot\fonts\Cormorant\Cormorant-MediumItalic.ttf
wwwroot\fonts\Cormorant\Cormorant-Regular.ttf
wwwroot\fonts\Cormorant\Cormorant-SemiBold.ttf
wwwroot\fonts\Cormorant\Cormorant-SemiBoldItalic.ttf
wwwroot\fonts\Roboto\Roboto-Black.ttf
wwwroot\fonts\Roboto\Roboto-BlackItalic.ttf
wwwroot\fonts\Roboto\Roboto-Bold.ttf
wwwroot\fonts\Roboto\Roboto-BoldItalic.ttf
wwwroot\fonts\Roboto\Roboto-Italic.ttf
wwwroot\fonts\Roboto\Roboto-Light.ttf
wwwroot\fonts\Roboto\Roboto-LightItalic.ttf
wwwroot\fonts\Roboto\Roboto-Medium.ttf
wwwroot\fonts\Roboto\Roboto-MediumItalic.ttf
wwwroot\fonts\Roboto\Roboto-Regular.ttf
wwwroot\fonts\Roboto\Roboto-Thin.ttf
wwwroot\fonts\Roboto\Roboto-ThinItalic.ttf
wwwroot\fonts\Urbanist\Urbanist-Black.ttf
wwwroot\fonts\Urbanist\Urbanist-BlackItalic.ttf
wwwroot\fonts\Urbanist\Urbanist-Bold.ttf
wwwroot\fonts\Urbanist\Urbanist-BoldItalic.ttf
wwwroot\fonts\Urbanist\Urbanist-ExtraBold.ttf
wwwroot\fonts\Urbanist\Urbanist-ExtraBoldItalic.ttf
wwwroot\fonts\Urbanist\Urbanist-ExtraLight.ttf
wwwroot\fonts\Urbanist\Urbanist-ExtraLightItalic.ttf
wwwroot\fonts\Urbanist\Urbanist-Italic.ttf
wwwroot\fonts\Urbanist\Urbanist-Light.ttf
wwwroot\fonts\Urbanist\Urbanist-LightItalic.ttf
wwwroot\fonts\Urbanist\Urbanist-Medium.ttf
wwwroot\fonts\Urbanist\Urbanist-MediumItalic.ttf
wwwroot\fonts\Urbanist\Urbanist-Regular.ttf
wwwroot\fonts\Urbanist\Urbanist-SemiBold.ttf
wwwroot\fonts\Urbanist\Urbanist-SemiBoldItalic.ttf
wwwroot\fonts\Urbanist\Urbanist-Thin.ttf
wwwroot\fonts\Urbanist\Urbanist-ThinItalic.ttf
wwwroot\images\info\info_1.webp
wwwroot\images\main_photo\main_photo.webp
wwwroot\images\main_photo\main_photo_1024.webp
wwwroot\images\main_photo\main_photo_1920.webp
wwwroot\images\main_photo\main_photo_2560.webp
wwwroot\images\main_photo\main_photo_480.webp
wwwroot\images\news\news_1.old
wwwroot\images\news\news_1.webp
wwwroot\images\topic_1\topic_1_full.webp
wwwroot\images\topic_2_3\topic_2_3_full.webp
D:\OneDrive\OP\OP_projects\LP\VS_Project\OP_Pages_Library\wwwroot\css\index.css
D:\OneDrive\OP\OP_projects\LP\VS_Project\OP_Pages_Library\wwwroot\css\general.css
D:\OneDrive\OP\OP_projects\LP\VS_Project\OP_Pages_Library\wwwroot\css\app.css
